id,A,B,C,D,E,F,G,H,I,J,K,L,M,N,O,A_label,D_label,E_label,F_label,G_label,I_label,J_label,L_label,M_label,A_ohe_0,A_ohe_1,D_ohe_0,D_ohe_1,D_ohe_2,E_ohe_0,E_ohe_1,E_ohe_2,F_ohe_0,F_ohe_1,F_ohe_2,F_ohe_3,F_ohe_4,F_ohe_5,F_ohe_6,F_ohe_7,F_ohe_8,F_ohe_9,F_ohe_10,F_ohe_11,F_ohe_12,F_ohe_13,G_ohe_0,G_ohe_1,G_ohe_2,G_ohe_3,G_ohe_4,G_ohe_5,G_ohe_6,G_ohe_7,G_ohe_8,I_ohe_0,I_ohe_1,J_ohe_0,J_ohe_1,L_ohe_0,L_ohe_1,M_ohe_0,M_ohe_1,M_ohe_2
553,b,-0.18201689939970817,-0.2594530597957139,u,g,w,v,0.3607630065014669,t,t,0.15863154585511297,t,g,1.007072589294911,-0.1890245575780504,1,1,0,12,7,1,1,1,0,0.0,1.0,0.0,1.0,0.0,1.0,0.0,0.0,0.0,0.0,0.0,0.0,0.0,0.0,0.0,0.0,0.0,0.0,0.0,0.0,1.0,0.0,0.0,0.0,0.0,0.0,0.0,0.0,0.0,1.0,0.0,0.0,1.0,0.0,1.0,0.0,1.0,1.0,0.0,0.0
554,b,-0.2533691612747513,0.04456122411443925,u,g,w,v,2.5413478020164764,t,f,-0.5400222837620868,t,g,-0.683359284025447,-0.1890245575780504,1,1,0,12,7,1,0,1,0,0.0,1.0,0.0,1.0,0.0,1.0,0.0,0.0,0.0,0.0,0.0,0.0,0.0,0.0,0.0,0.0,0.0,0.0,0.0,0.0,1.0,0.0,0.0,0.0,0.0,0.0,0.0,0.0,0.0,1.0,0.0,0.0,1.0,1.0,0.0,0.0,1.0,1.0,0.0,0.0
555,b,-0.17522144588779948,2.0287611171013724,u,g,aa,v,0.808509751180549,t,t,0.6244007655999128,t,g,-0.04373641303936555,-0.1890245575780504,1,1,0,0,7,1,1,1,0,0.0,1.0,0.0,1.0,0.0,1.0,0.0,0.0,1.0,0.0,0.0,0.0,0.0,0.0,0.0,0.0,0.0,0.0,0.0,0.0,0.0,0.0,0.0,0.0,0.0,0.0,0.0,0.0,0.0,1.0,0.0,0.0,1.0,0.0,1.0,0.0,1.0,1.0,0.0,0.0
556,a,1.092130634083199,0.3820170792547093,u,g,q,v,1.487398484184222,t,t,0.15863154585511297,t,g,-1.1402327633012193,-0.1890245575780504,0,1,0,10,7,1,1,1,0,1.0,0.0,0.0,1.0,0.0,1.0,0.0,0.0,0.0,0.0,0.0,0.0,0.0,0.0,0.0,0.0,0.0,0.0,1.0,0.0,0.0,0.0,0.0,0.0,0.0,0.0,0.0,0.0,0.0,1.0,0.0,0.0,1.0,0.0,1.0,0.0,1.0,1.0,0.0,0.0
557,b,-1.1240366424880712,0.14589931875115697,u,g,k,v,-0.5114709117045371,t,f,-0.5400222837620868,f,g,-0.618091644128908,-0.1890245575780504,1,1,0,8,7,1,0,0,0,0.0,1.0,0.0,1.0,0.0,1.0,0.0,0.0,0.0,0.0,0.0,0.0,0.0,0.0,0.0,0.0,1.0,0.0,0.0,0.0,0.0,0.0,0.0,0.0,0.0,0.0,0.0,0.0,0.0,1.0,0.0,0.0,1.0,1.0,0.0,1.0,0.0,1.0,0.0,0.0
558,a,1.162633464269253,-0.03954939443403647,u,g,k,h,-0.3660985920035364,f,f,-0.5400222837620868,t,s,0.42619059421571465,-0.1890245575780504,0,1,0,8,3,0,0,1,2,1.0,0.0,0.0,1.0,0.0,1.0,0.0,0.0,0.0,0.0,0.0,0.0,0.0,0.0,0.0,0.0,1.0,0.0,0.0,0.0,0.0,0.0,0.0,0.0,0.0,1.0,0.0,0.0,0.0,0.0,0.0,1.0,0.0,1.0,0.0,0.0,1.0,0.0,0.0,1.0
559,b,0.051576815072158146,-0.0648839180932159,u,g,cc,h,1.0992543905825503,t,t,0.15863154585511297,f,g,0.889590837481141,-0.13688350008927708,1,1,0,2,3,1,1,0,0,0.0,1.0,0.0,1.0,0.0,1.0,0.0,0.0,0.0,0.0,1.0,0.0,0.0,0.0,0.0,0.0,0.0,0.0,0.0,0.0,0.0,0.0,0.0,0.0,0.0,1.0,0.0,0.0,0.0,0.0,0.0,0.0,1.0,0.0,1.0,1.0,0.0,1.0,0.0,0.0
560,b,-0.13954531495027794,-0.6820329144308268,u,g,w,h,-0.4387847518540367,t,t,-0.3071376738896869,f,g,0.42619059421571465,-0.17164420508179262,1,1,0,12,3,1,1,0,0,0.0,1.0,0.0,1.0,0.0,1.0,0.0,0.0,0.0,0.0,0.0,0.0,0.0,0.0,0.0,0.0,0.0,0.0,0.0,0.0,1.0,0.0,0.0,0.0,0.0,1.0,0.0,0.0,0.0,0.0,0.0,0.0,1.0,0.0,1.0,1.0,0.0,1.0,0.0,0.0
561,b,-0.3094316527479989,1.8179778802569995,u,g,w,v,1.01493844515597,t,f,-0.5400222837620868,t,g,2.038301299660226,-0.10212279509676155,1,1,0,12,7,1,0,1,0,0.0,1.0,0.0,1.0,0.0,1.0,0.0,0.0,0.0,0.0,0.0,0.0,0.0,0.0,0.0,0.0,0.0,0.0,0.0,0.0,1.0,0.0,0.0,0.0,0.0,0.0,0.0,0.0,0.0,1.0,0.0,0.0,1.0,1.0,0.0,0.0,1.0,1.0,0.0,0.0
562,b,0.6037074129147513,-0.825933008814966,u,g,c,v,-0.5478139916297872,f,t,-0.07425306401728696,f,g,0.3282891343709063,-0.10212279509676155,1,1,0,1,7,0,1,0,0,0.0,1.0,0.0,1.0,0.0,1.0,0.0,0.0,0.0,1.0,0.0,0.0,0.0,0.0,0.0,0.0,0.0,0.0,0.0,0.0,0.0,0.0,0.0,0.0,0.0,0.0,0.0,0.0,0.0,1.0,0.0,1.0,0.0,0.0,1.0,1.0,0.0,1.0,0.0,0.0
563,a,-0.9966218891397804,-0.8340400563859035,y,p,c,v,-0.3660985920035364,f,t,-0.3071376738896869,f,g,11.913295216006563,-0.18867695052812522,0,2,2,1,7,0,1,0,0,1.0,0.0,0.0,0.0,1.0,0.0,0.0,1.0,0.0,1.0,0.0,0.0,0.0,0.0,0.0,0.0,0.0,0.0,0.0,0.0,0.0,0.0,0.0,0.0,0.0,0.0,0.0,0.0,0.0,1.0,0.0,1.0,0.0,0.0,1.0,1.0,0.0,1.0,0.0,0.0
564,b,-0.47931799054571983,-0.3101221071140728,u,g,c,h,0.00896199282504534,f,t,-0.3071376738896869,t,g,1.5749010563947996,-0.18537468355383627,1,1,0,1,3,0,1,1,0,0.0,1.0,0.0,1.0,0.0,1.0,0.0,0.0,0.0,1.0,0.0,0.0,0.0,0.0,0.0,0.0,0.0,0.0,0.0,0.0,0.0,0.0,0.0,0.0,0.0,1.0,0.0,0.0,0.0,0.0,0.0,1.0,0.0,0.0,1.0,0.0,1.0,1.0,0.0,0.0
565,a,-0.5787014981573868,-0.614136391024226,y,p,c,v,-0.6088703659042075,f,f,-0.5400222837620868,f,g,-0.27869991666690563,-0.1890245575780504,0,2,2,1,7,0,0,0,0,1.0,0.0,0.0,0.0,1.0,0.0,0.0,1.0,0.0,1.0,0.0,0.0,0.0,0.0,0.0,0.0,0.0,0.0,0.0,0.0,0.0,0.0,0.0,0.0,0.0,0.0,0.0,0.0,0.0,1.0,0.0,1.0,0.0,1.0,0.0,1.0,0.0,1.0,0.0,0.0
566,a,-0.26696006829856866,-0.6648054383425849,u,g,ff,ff,-0.6568432314055377,f,t,-0.07425306401728696,t,g,0.165120034629559,-0.17077518745697973,0,1,0,5,2,0,1,1,0,1.0,0.0,0.0,1.0,0.0,1.0,0.0,0.0,0.0,0.0,0.0,0.0,0.0,1.0,0.0,0.0,0.0,0.0,0.0,0.0,0.0,0.0,0.0,0.0,1.0,0.0,0.0,0.0,0.0,0.0,0.0,1.0,0.0,0.0,1.0,0.0,1.0,1.0,0.0,0.0
567,b,-0.3451077836855204,-0.6475779622543428,u,g,cc,h,-0.12332681810286528,t,t,2.2545930347067125,t,g,2.6648706426669997,-0.0651026442797325,1,1,0,2,3,1,1,1,0,0.0,1.0,0.0,1.0,0.0,1.0,0.0,0.0,0.0,0.0,1.0,0.0,0.0,0.0,0.0,0.0,0.0,0.0,0.0,0.0,0.0,0.0,0.0,0.0,0.0,1.0,0.0,0.0,0.0,0.0,0.0,0.0,1.0,0.0,1.0,0.0,1.0,1.0,0.0,0.0
568,b,-0.7842639668926292,1.3538494068208324,u,g,k,v,-0.1960129779533656,f,f,-0.5400222837620868,t,g,-0.48755636433583016,0.021625314676593767,1,1,0,8,7,0,0,1,0,0.0,1.0,0.0,1.0,0.0,1.0,0.0,0.0,0.0,0.0,0.0,0.0,0.0,0.0,0.0,0.0,1.0,0.0,0.0,0.0,0.0,0.0,0.0,0.0,0.0,0.0,0.0,0.0,0.0,1.0,0.0,1.0,0.0,1.0,0.0,0.0,1.0,1.0,0.0,0.0
569,a,0.6172983199385687,0.04456122411443925,u,g,cc,v,3.2682094005214797,t,f,-0.5400222837620868,t,g,5.255995946559595,-0.1890245575780504,0,1,0,2,7,1,0,1,0,1.0,0.0,0.0,1.0,0.0,1.0,0.0,0.0,0.0,0.0,1.0,0.0,0.0,0.0,0.0,0.0,0.0,0.0,0.0,0.0,0.0,0.0,0.0,0.0,0.0,0.0,0.0,0.0,0.0,1.0,0.0,0.0,1.0,1.0,0.0,0.0,1.0,1.0,0.0,0.0
570,b,-1.1800991339613187,0.3485755080245924,u,g,i,v,-0.6205001514802875,f,f,-0.5400222837620868,f,g,-0.7486269239219858,-0.17164420508179262,1,1,0,6,7,0,0,0,0,0.0,1.0,0.0,1.0,0.0,1.0,0.0,0.0,0.0,0.0,0.0,0.0,0.0,0.0,1.0,0.0,0.0,0.0,0.0,0.0,0.0,0.0,0.0,0.0,0.0,0.0,0.0,0.0,0.0,1.0,0.0,1.0,0.0,1.0,0.0,1.0,0.0,1.0,0.0,0.0
571,a,0.6597699043879989,-0.1581149651589962,u,g,c,v,0.21539068680046627,f,f,-0.5400222837620868,f,g,1.9926139517326487,-0.1890245575780504,0,1,0,1,7,0,0,0,0,1.0,0.0,0.0,1.0,0.0,1.0,0.0,0.0,0.0,1.0,0.0,0.0,0.0,0.0,0.0,0.0,0.0,0.0,0.0,0.0,0.0,0.0,0.0,0.0,0.0,0.0,0.0,0.0,0.0,1.0,0.0,1.0,0.0,1.0,0.0,1.0,0.0,1.0,0.0,0.0
572,b,-0.47931799054571983,1.5646326436652052,u,g,cc,v,-0.3050422177291161,t,t,15.063246577688709,t,g,-0.2264858047496745,-0.14418324813770533,1,1,0,2,7,1,1,1,0,0.0,1.0,0.0,1.0,0.0,1.0,0.0,0.0,0.0,0.0,1.0,0.0,0.0,0.0,0.0,0.0,0.0,0.0,0.0,0.0,0.0,0.0,0.0,0.0,0.0,0.0,0.0,0.0,0.0,1.0,0.0,0.0,1.0,0.0,1.0,0.0,1.0,1.0,0.0,0.0
573,a,0.08640351432069066,-0.8593745800450829,u,g,cc,v,-0.6452134458294576,t,f,-0.5400222837620868,f,g,1.731543392146493,1.7535774409286804,0,1,0,2,7,1,0,0,0,1.0,0.0,0.0,1.0,0.0,1.0,0.0,0.0,0.0,0.0,1.0,0.0,0.0,0.0,0.0,0.0,0.0,0.0,0.0,0.0,0.0,0.0,0.0,0.0,0.0,0.0,0.0,0.0,0.0,1.0,0.0,0.0,1.0,1.0,0.0,1.0,0.0,1.0,0.0,0.0
574,b,-0.3731390294221443,-0.5127982963875083,u,g,i,bb,-0.5114709117045371,f,f,-0.5400222837620868,t,g,3.0368961900772713,0.5061895422722603,1,1,0,6,0,0,0,1,0,0.0,1.0,0.0,1.0,0.0,1.0,0.0,0.0,0.0,0.0,0.0,0.0,0.0,0.0,1.0,0.0,0.0,0.0,0.0,0.0,0.0,0.0,1.0,0.0,0.0,0.0,0.0,0.0,0.0,0.0,0.0,1.0,0.0,1.0,0.0,0.0,1.0,1.0,0.0,0.0
575,a,-1.0603292658139258,0.9647111234158361,u,g,aa,v,-0.6321299370563676,t,f,-0.5400222837620868,f,g,-0.48755636433583016,-0.1890245575780504,0,1,0,0,7,1,0,0,0,1.0,0.0,0.0,1.0,0.0,1.0,0.0,0.0,1.0,0.0,0.0,0.0,0.0,0.0,0.0,0.0,0.0,0.0,0.0,0.0,0.0,0.0,0.0,0.0,0.0,0.0,0.0,0.0,0.0,1.0,0.0,0.0,1.0,1.0,0.0,1.0,0.0,1.0,0.0,0.0
576,b,-0.9966218891397804,-0.8502541515277783,u,g,ff,ff,-0.6568432314055377,f,t,0.15863154585511297,f,g,1.1441346330776427,-0.05536964688182815,1,1,0,5,2,0,1,0,0,0.0,1.0,0.0,1.0,0.0,1.0,0.0,0.0,0.0,0.0,0.0,0.0,0.0,1.0,0.0,0.0,0.0,0.0,0.0,0.0,0.0,0.0,0.0,0.0,1.0,0.0,0.0,0.0,0.0,0.0,0.0,1.0,0.0,0.0,1.0,1.0,0.0,1.0,0.0,0.0
577,b,-0.550670252420763,-0.4114602017507905,u,g,c,v,-0.0026677927510347227,t,t,0.8572853754723128,f,g,-0.1481646368738278,-0.08474244260050377,1,1,0,1,7,1,1,0,0,0.0,1.0,0.0,1.0,0.0,1.0,0.0,0.0,0.0,1.0,0.0,0.0,0.0,0.0,0.0,0.0,0.0,0.0,0.0,0.0,0.0,0.0,0.0,0.0,0.0,0.0,0.0,0.0,0.0,1.0,0.0,0.0,1.0,0.0,1.0,1.0,0.0,1.0,0.0,0.0
578,b,1.1770738029820595,-0.6648054383425849,u,g,c,v,0.0700183670994656,t,f,-0.5400222837620868,t,g,-0.2264858047496745,-0.1890245575780504,1,1,0,1,7,1,0,1,0,0.0,1.0,0.0,1.0,0.0,1.0,0.0,0.0,0.0,1.0,0.0,0.0,0.0,0.0,0.0,0.0,0.0,0.0,0.0,0.0,0.0,0.0,0.0,0.0,0.0,0.0,0.0,0.0,0.0,1.0,0.0,0.0,1.0,1.0,0.0,0.0,1.0,1.0,0.0,0.0
579,b,2.2176276219931004,0.7539278865714634,u,g,e,h,1.3783692444084716,t,t,0.15863154585511297,f,g,-1.1402327633012193,-0.1890245575780504,1,1,0,4,3,1,1,0,0,0.0,1.0,0.0,1.0,0.0,1.0,0.0,0.0,0.0,0.0,0.0,0.0,1.0,0.0,0.0,0.0,0.0,0.0,0.0,0.0,0.0,0.0,0.0,0.0,0.0,1.0,0.0,0.0,0.0,0.0,0.0,0.0,1.0,0.0,1.0,1.0,0.0,1.0,0.0,0.0
580,b,0.8721278266351501,-0.614136391024226,u,g,k,v,-0.5957868571311175,t,f,-0.5400222837620868,f,g,-0.09595052495659669,-0.1890245575780504,1,1,0,8,7,1,0,0,0,0.0,1.0,0.0,1.0,0.0,1.0,0.0,0.0,0.0,0.0,0.0,0.0,0.0,0.0,0.0,0.0,1.0,0.0,0.0,0.0,0.0,0.0,0.0,0.0,0.0,0.0,0.0,0.0,0.0,1.0,0.0,0.0,1.0,1.0,0.0,1.0,0.0,1.0,0.0,0.0
581,b,-0.5931418368701932,0.37391003168377185,y,p,d,v,0.9422522853054696,t,f,-0.5400222837620868,t,s,-0.48755636433583016,-0.1890245575780504,1,2,2,3,7,1,0,1,2,0.0,1.0,0.0,0.0,1.0,0.0,0.0,1.0,0.0,0.0,0.0,1.0,0.0,0.0,0.0,0.0,0.0,0.0,0.0,0.0,0.0,0.0,0.0,0.0,0.0,0.0,0.0,0.0,0.0,1.0,0.0,0.0,1.0,1.0,0.0,0.0,1.0,0.0,0.0,1.0
582,a,-0.15398565366308437,-0.8755886751869577,u,g,k,v,-0.499841126128457,t,t,0.3915161557275129,f,g,1.3399375527672595,-0.10212279509676155,0,1,0,8,7,1,1,0,0,1.0,0.0,0.0,1.0,0.0,1.0,0.0,0.0,0.0,0.0,0.0,0.0,0.0,0.0,0.0,0.0,1.0,0.0,0.0,0.0,0.0,0.0,0.0,0.0,0.0,0.0,0.0,0.0,0.0,1.0,0.0,0.0,1.0,0.0,1.0,1.0,0.0,1.0,0.0,0.0
583,b,-1.300718433797701,-0.3354566307732522,u,g,w,v,-0.6321299370563676,f,t,-0.3071376738896869,f,g,-1.1402327633012193,-0.18798173642827493,1,1,0,12,7,0,1,0,0,0.0,1.0,0.0,1.0,0.0,1.0,0.0,0.0,0.0,0.0,0.0,0.0,0.0,0.0,0.0,0.0,0.0,0.0,0.0,0.0,1.0,0.0,0.0,0.0,0.0,0.0,0.0,0.0,0.0,1.0,0.0,1.0,0.0,0.0,1.0,1.0,0.0,1.0,0.0,0.0
584,b,-1.2089798113869317,-0.9181506749343792,u,g,q,v,-0.5594437772058672,f,t,0.3915161557275129,f,g,-0.09595052495659669,-0.18763412937834978,1,1,0,10,7,0,1,0,0,0.0,1.0,0.0,1.0,0.0,1.0,0.0,0.0,0.0,0.0,0.0,0.0,0.0,0.0,0.0,0.0,0.0,0.0,1.0,0.0,0.0,0.0,0.0,0.0,0.0,0.0,0.0,0.0,0.0,1.0,0.0,1.0,0.0,0.0,1.0,1.0,0.0,1.0,0.0,0.0
585,b,0.43382107511703033,-0.8168125802976615,y,p,d,v,-0.48675761735536693,f,f,-0.5400222837620868,f,g,0.42619059421571465,-0.18850314700316265,1,2,2,3,7,0,0,0,0,0.0,1.0,0.0,0.0,1.0,0.0,0.0,1.0,0.0,0.0,0.0,1.0,0.0,0.0,0.0,0.0,0.0,0.0,0.0,0.0,0.0,0.0,0.0,0.0,0.0,0.0,0.0,0.0,0.0,1.0,0.0,1.0,0.0,1.0,0.0,1.0,0.0,1.0,0.0,0.0
586,b,0.8373011273866175,-0.1500079175880588,u,g,cc,h,1.3783692444084716,t,t,1.3230545952171127,f,g,0.948331713388026,-0.1890245575780504,1,1,0,2,3,1,1,0,0,0.0,1.0,0.0,1.0,0.0,1.0,0.0,0.0,0.0,0.0,1.0,0.0,0.0,0.0,0.0,0.0,0.0,0.0,0.0,0.0,0.0,0.0,0.0,0.0,0.0,1.0,0.0,0.0,0.0,0.0,0.0,0.0,1.0,0.0,1.0,1.0,0.0,1.0,0.0,0.0
587,b,-0.26016461478666,-0.791478056638482,u,g,m,v,-0.3777283775796164,t,t,0.15863154585511297,t,g,1.4443657766017217,-0.1890245575780504,1,1,0,9,7,1,1,1,0,0.0,1.0,0.0,1.0,0.0,1.0,0.0,0.0,0.0,0.0,0.0,0.0,0.0,0.0,0.0,0.0,0.0,1.0,0.0,0.0,0.0,0.0,0.0,0.0,0.0,0.0,0.0,0.0,0.0,1.0,0.0,0.0,1.0,0.0,1.0,0.0,1.0,1.0,0.0,0.0
588,b,3.696488192522261,2.8820278739425356,y,p,ff,ff,-0.6452134458294576,f,t,-0.07425306401728696,f,g,-1.1402327633012193,-0.12801952031618563,1,2,2,5,2,0,1,0,0,0.0,1.0,0.0,0.0,1.0,0.0,0.0,1.0,0.0,0.0,0.0,0.0,0.0,1.0,0.0,0.0,0.0,0.0,0.0,0.0,0.0,0.0,0.0,0.0,1.0,0.0,0.0,0.0,0.0,0.0,0.0,1.0,0.0,0.0,1.0,1.0,0.0,1.0,0.0,0.0
589,b,0.45505686734174544,-0.07400434661052048,y,p,k,v,-0.5841570715550374,t,t,1.7888238149619125,t,g,0.948331713388026,-0.1890245575780504,1,2,2,8,7,1,1,1,0,0.0,1.0,0.0,0.0,1.0,0.0,0.0,1.0,0.0,0.0,0.0,0.0,0.0,0.0,0.0,0.0,1.0,0.0,0.0,0.0,0.0,0.0,0.0,0.0,0.0,0.0,0.0,0.0,0.0,1.0,0.0,0.0,1.0,0.0,1.0,0.0,1.0,1.0,0.0,0.0
590,b,-0.4088151603596658,-0.41956724932172795,y,p,c,v,-0.6321299370563676,f,f,-0.5400222837620868,f,s,-0.618091644128908,-0.1890245575780504,1,2,2,1,7,0,0,0,2,0.0,1.0,0.0,0.0,1.0,0.0,0.0,1.0,0.0,1.0,0.0,0.0,0.0,0.0,0.0,0.0,0.0,0.0,0.0,0.0,0.0,0.0,0.0,0.0,0.0,0.0,0.0,0.0,0.0,1.0,0.0,1.0,0.0,1.0,0.0,1.0,0.0,0.0,0.0,1.0
591,b,-0.5217895749951501,-0.36079115443243165,u,g,c,v,-0.29341243215303603,f,t,-0.3071376738896869,f,g,-1.1402327633012193,-0.1852008800288737,1,1,0,1,7,0,1,0,0,0.0,1.0,0.0,1.0,0.0,1.0,0.0,0.0,0.0,1.0,0.0,0.0,0.0,0.0,0.0,0.0,0.0,0.0,0.0,0.0,0.0,0.0,0.0,0.0,0.0,0.0,0.0,0.0,0.0,1.0,0.0,1.0,0.0,0.0,1.0,1.0,0.0,1.0,0.0,0.0
592,b,1.4242584244777432,-0.20878401247735506,u,g,i,bb,-0.3660985920035364,f,f,-0.5400222837620868,f,g,-0.48755636433583016,-0.18867695052812522,1,1,0,6,0,0,0,0,0,0.0,1.0,0.0,1.0,0.0,1.0,0.0,0.0,0.0,0.0,0.0,0.0,0.0,0.0,1.0,0.0,0.0,0.0,0.0,0.0,0.0,0.0,1.0,0.0,0.0,0.0,0.0,0.0,0.0,0.0,0.0,1.0,0.0,1.0,0.0,1.0,0.0,1.0,0.0,0.0
593,b,-1.2794826415729856,-0.7995851042094194,u,g,m,v,-0.6321299370563676,t,f,-0.5400222837620868,f,s,0.165120034629559,-0.1890245575780504,1,1,0,9,7,1,0,0,2,0.0,1.0,0.0,1.0,0.0,1.0,0.0,0.0,0.0,0.0,0.0,0.0,0.0,0.0,0.0,0.0,0.0,1.0,0.0,0.0,0.0,0.0,0.0,0.0,0.0,0.0,0.0,0.0,0.0,1.0,0.0,0.0,1.0,1.0,0.0,1.0,0.0,0.0,0.0,1.0
594,b,0.2919659830559332,2.0713231168487938,u,g,r,n,0.9059092053802194,t,t,1.5559392050895127,t,g,-1.1402327633012193,-0.16573488523306498,1,1,0,11,5,1,1,1,0,0.0,1.0,0.0,1.0,0.0,1.0,0.0,0.0,0.0,0.0,0.0,0.0,0.0,0.0,0.0,0.0,0.0,0.0,0.0,1.0,0.0,0.0,0.0,0.0,0.0,0.0,0.0,1.0,0.0,0.0,0.0,0.0,1.0,0.0,1.0,0.0,1.0,1.0,0.0,0.0
595,b,1.4386987631905497,4.1153124856713905,u,g,w,v,-0.14804011245203538,t,t,0.15863154585511297,f,g,-0.35702108454275233,-0.1865913082285743,1,1,0,12,7,1,1,0,0,0.0,1.0,0.0,1.0,0.0,1.0,0.0,0.0,0.0,0.0,0.0,0.0,0.0,0.0,0.0,0.0,0.0,0.0,0.0,0.0,1.0,0.0,0.0,0.0,0.0,0.0,0.0,0.0,0.0,1.0,0.0,0.0,1.0,0.0,1.0,1.0,0.0,1.0,0.0,0.0
596,b,0.11528419174630351,0.14589931875115697,u,g,q,h,0.9422522853054696,t,t,2.2545930347067125,t,g,1.5226869444775686,-0.015221032615472701,1,1,0,10,3,1,1,1,0,0.0,1.0,0.0,1.0,0.0,1.0,0.0,0.0,0.0,0.0,0.0,0.0,0.0,0.0,0.0,0.0,0.0,0.0,1.0,0.0,0.0,0.0,0.0,0.0,0.0,1.0,0.0,0.0,0.0,0.0,0.0,0.0,1.0,0.0,1.0,0.0,1.0,1.0,0.0,0.0
597,b,-1.0739201728377432,0.04456122411443925,u,g,q,v,-0.5478139916297872,t,t,-0.07425306401728696,f,g,-1.1402327633012193,-0.18242002362947243,1,1,0,10,7,1,1,0,0,0.0,1.0,0.0,1.0,0.0,1.0,0.0,0.0,0.0,0.0,0.0,0.0,0.0,0.0,0.0,0.0,0.0,0.0,1.0,0.0,0.0,0.0,0.0,0.0,0.0,0.0,0.0,0.0,0.0,1.0,0.0,0.0,1.0,0.0,1.0,1.0,0.0,1.0,0.0,0.0
598,b,0.2282586063817878,-0.05677687052227848,u,g,aa,v,-0.3660985920035364,t,f,-0.5400222837620868,t,g,0.42619059421571465,-0.1890245575780504,1,1,0,0,7,1,0,1,0,0.0,1.0,0.0,1.0,0.0,1.0,0.0,0.0,1.0,0.0,0.0,0.0,0.0,0.0,0.0,0.0,0.0,0.0,0.0,0.0,0.0,0.0,0.0,0.0,0.0,0.0,0.0,0.0,0.0,1.0,0.0,0.0,1.0,1.0,0.0,0.0,1.0,1.0,0.0,0.0
599,b,0.2070228141570727,-0.4114602017507905,u,g,i,bb,-0.6568432314055377,f,f,-0.5400222837620868,f,g,0.03458475483648116,-0.1890245575780504,1,1,0,6,0,0,0,0,0,0.0,1.0,0.0,1.0,0.0,1.0,0.0,0.0,0.0,0.0,0.0,0.0,0.0,0.0,1.0,0.0,0.0,0.0,0.0,0.0,0.0,0.0,1.0,0.0,0.0,0.0,0.0,0.0,0.0,0.0,0.0,1.0,0.0,1.0,0.0,1.0,0.0,1.0,0.0,0.0
600,a,-1.3151587725105072,0.5765862209572074,u,g,q,v,-0.6205001514802875,f,t,-0.3071376738896869,t,g,-1.1402327633012193,-0.16121599358403796,0,1,0,10,7,0,1,1,0,1.0,0.0,0.0,1.0,0.0,1.0,0.0,0.0,0.0,0.0,0.0,0.0,0.0,0.0,0.0,0.0,0.0,0.0,1.0,0.0,0.0,0.0,0.0,0.0,0.0,0.0,0.0,0.0,0.0,1.0,0.0,1.0,0.0,0.0,1.0,0.0,1.0,1.0,0.0,0.0
601,b,-0.47252253703381114,-0.8168125802976615,u,g,c,bb,-0.5841570715550374,t,f,-0.5400222837620868,f,g,1.137607869087989,-0.1850270765039111,1,1,0,1,0,1,0,0,0,0.0,1.0,0.0,1.0,0.0,1.0,0.0,0.0,0.0,1.0,0.0,0.0,0.0,0.0,0.0,0.0,0.0,0.0,0.0,0.0,0.0,0.0,1.0,0.0,0.0,0.0,0.0,0.0,0.0,0.0,0.0,0.0,1.0,1.0,0.0,1.0,0.0,1.0,0.0,0.0
602,b,2.39430941330273,-0.4114602017507905,u,g,w,v,-0.14804011245203538,t,t,0.6244007655999128,t,g,-0.7486269239219858,-0.17894395313022088,1,1,0,12,7,1,1,1,0,0.0,1.0,0.0,1.0,0.0,1.0,0.0,0.0,0.0,0.0,0.0,0.0,0.0,0.0,0.0,0.0,0.0,0.0,0.0,0.0,1.0,0.0,0.0,0.0,0.0,0.0,0.0,0.0,0.0,1.0,0.0,0.0,1.0,0.0,1.0,0.0,1.0,1.0,0.0,0.0
603,b,0.09404839952158839,-0.5300257724757502,y,p,k,ff,-0.6568432314055377,f,f,-0.5400222837620868,f,g,-0.35702108454275233,-0.1890245575780504,1,2,2,8,2,0,0,0,0,0.0,1.0,0.0,0.0,1.0,0.0,0.0,1.0,0.0,0.0,0.0,0.0,0.0,0.0,0.0,0.0,1.0,0.0,0.0,0.0,0.0,0.0,0.0,0.0,1.0,0.0,0.0,0.0,0.0,0.0,0.0,1.0,0.0,1.0,0.0,1.0,0.0,1.0,0.0,0.0
604,b,-0.45128674480909603,-0.7661435329793026,u,g,q,v,-0.14804011245203538,t,f,-0.5400222837620868,t,g,0.6872611538018704,-0.1890245575780504,1,1,0,10,7,1,0,1,0,0.0,1.0,0.0,1.0,0.0,1.0,0.0,0.0,0.0,0.0,0.0,0.0,0.0,0.0,0.0,0.0,0.0,0.0,1.0,0.0,0.0,0.0,0.0,0.0,0.0,0.0,0.0,0.0,0.0,1.0,0.0,0.0,1.0,1.0,0.0,0.0,1.0,1.0,0.0,0.0
605,b,2.6491389199993116,1.615301690983564,y,p,c,h,0.7968799656044689,t,f,-0.5400222837620868,f,g,-0.40923519645998346,-0.1890245575780504,1,2,2,1,3,1,0,0,0,0.0,1.0,0.0,0.0,1.0,0.0,0.0,1.0,0.0,1.0,0.0,0.0,0.0,0.0,0.0,0.0,0.0,0.0,0.0,0.0,0.0,0.0,0.0,0.0,0.0,1.0,0.0,0.0,0.0,0.0,0.0,0.0,1.0,1.0,0.0,1.0,0.0,1.0,0.0,0.0
606,a,-0.8122952126292531,-0.614136391024226,y,p,j,j,-0.6568432314055377,f,f,-0.5400222837620868,f,g,-0.09595052495659669,-0.1890245575780504,0,2,2,7,4,0,0,0,0,1.0,0.0,0.0,0.0,1.0,0.0,0.0,1.0,0.0,0.0,0.0,0.0,0.0,0.0,0.0,1.0,0.0,0.0,0.0,0.0,0.0,0.0,0.0,0.0,0.0,0.0,1.0,0.0,0.0,0.0,0.0,1.0,0.0,1.0,0.0,1.0,0.0,1.0,0.0,0.0
607,b,-0.3875793681349507,-0.7408090093201232,u,g,x,h,-0.29341243215303603,t,f,-0.5400222837620868,f,g,-1.1402327633012193,0.7317865176736862,1,1,0,13,3,1,0,0,0,0.0,1.0,0.0,1.0,0.0,1.0,0.0,0.0,0.0,0.0,0.0,0.0,0.0,0.0,0.0,0.0,0.0,0.0,0.0,0.0,0.0,1.0,0.0,0.0,0.0,1.0,0.0,0.0,0.0,0.0,0.0,0.0,1.0,1.0,0.0,1.0,0.0,1.0,0.0,0.0
608,b,-0.5787014981573868,1.733867261708524,y,p,aa,v,-0.6452134458294576,f,f,-0.5400222837620868,t,g,-0.35702108454275233,-0.10646788322082598,1,2,2,0,7,0,0,1,0,0.0,1.0,0.0,0.0,1.0,0.0,0.0,1.0,1.0,0.0,0.0,0.0,0.0,0.0,0.0,0.0,0.0,0.0,0.0,0.0,0.0,0.0,0.0,0.0,0.0,0.0,0.0,0.0,0.0,1.0,0.0,1.0,0.0,1.0,0.0,0.0,1.0,1.0,0.0,0.0
609,b,-1.1945394726741252,-0.36079115443243165,u,g,k,v,-0.6452134458294576,f,f,-0.5400222837620868,t,g,-0.09595052495659669,-0.18207241657954729,1,1,0,8,7,0,0,1,0,0.0,1.0,0.0,1.0,0.0,1.0,0.0,0.0,0.0,0.0,0.0,0.0,0.0,0.0,0.0,0.0,1.0,0.0,0.0,0.0,0.0,0.0,0.0,0.0,0.0,0.0,0.0,0.0,0.0,1.0,0.0,1.0,0.0,1.0,0.0,0.0,1.0,1.0,0.0,0.0
610,a,-0.9040338350400222,-0.596908914935984,u,g,q,v,-0.05064065825236495,t,t,0.6244007655999128,f,g,0.2956553144226368,0.24600566540328156,0,1,0,10,7,1,1,0,0,1.0,0.0,0.0,1.0,0.0,1.0,0.0,0.0,0.0,0.0,0.0,0.0,0.0,0.0,0.0,0.0,0.0,0.0,1.0,0.0,0.0,0.0,0.0,0.0,0.0,0.0,0.0,0.0,0.0,1.0,0.0,0.0,1.0,0.0,1.0,1.0,0.0,1.0,0.0,0.0
611,b,0.19258247544426627,-0.9009231988461371,y,p,cc,v,-0.6321299370563676,f,f,-0.5400222837620868,f,g,0.03458475483648116,-0.1890245575780504,1,2,2,2,7,0,0,0,0,0.0,1.0,0.0,0.0,1.0,0.0,0.0,1.0,0.0,0.0,1.0,0.0,0.0,0.0,0.0,0.0,0.0,0.0,0.0,0.0,0.0,0.0,0.0,0.0,0.0,0.0,0.0,0.0,0.0,1.0,0.0,1.0,0.0,1.0,0.0,1.0,0.0,1.0,0.0,0.0
612,a,-0.8692071357914898,0.04456122411443925,y,p,ff,ff,-0.6568432314055377,f,f,-0.5400222837620868,f,g,-1.1402327633012193,-0.1890245575780504,0,2,2,5,2,0,0,0,0,1.0,0.0,0.0,0.0,1.0,0.0,0.0,1.0,0.0,0.0,0.0,0.0,0.0,1.0,0.0,0.0,0.0,0.0,0.0,0.0,0.0,0.0,0.0,0.0,1.0,0.0,0.0,0.0,0.0,0.0,0.0,1.0,0.0,1.0,0.0,1.0,0.0,1.0,0.0,0.0
613,b,-0.6279685361187257,-0.8502541515277783,y,p,cc,h,-0.6205001514802875,f,f,-0.5400222837620868,f,g,0.42619059421571465,-0.18885075405308782,1,2,2,2,3,0,0,0,0,0.0,1.0,0.0,0.0,1.0,0.0,0.0,1.0,0.0,0.0,1.0,0.0,0.0,0.0,0.0,0.0,0.0,0.0,0.0,0.0,0.0,0.0,0.0,0.0,0.0,1.0,0.0,0.0,0.0,0.0,0.0,1.0,0.0,1.0,0.0,1.0,0.0,1.0,0.0,0.0
614,a,-1.081565058038641,1.0579421704816165,u,g,d,v,-0.5361842060537071,f,f,-0.5400222837620868,f,g,-0.618091644128908,-0.18172480952962214,0,1,0,3,7,0,0,0,0,1.0,0.0,0.0,1.0,0.0,1.0,0.0,0.0,0.0,0.0,0.0,1.0,0.0,0.0,0.0,0.0,0.0,0.0,0.0,0.0,0.0,0.0,0.0,0.0,0.0,0.0,0.0,0.0,0.0,1.0,0.0,1.0,0.0,1.0,0.0,1.0,0.0,1.0,0.0,0.0
615,a,0.15011089099483602,-0.6394709146834054,u,g,d,v,-0.499841126128457,f,f,-0.5400222837620868,t,g,-1.1402327633012193,-0.1890245575780504,0,1,0,3,7,0,0,1,0,1.0,0.0,0.0,1.0,0.0,1.0,0.0,0.0,0.0,0.0,0.0,1.0,0.0,0.0,0.0,0.0,0.0,0.0,0.0,0.0,0.0,0.0,0.0,0.0,0.0,0.0,0.0,0.0,0.0,1.0,0.0,1.0,0.0,1.0,0.0,0.0,1.0,1.0,0.0,0.0
616,a,1.7997072310107067,0.4499136026613102,u,g,aa,h,0.21539068680046627,f,f,-0.5400222837620868,f,g,-1.1402327633012193,-0.1890245575780504,0,1,0,0,3,0,0,0,0,1.0,0.0,0.0,1.0,0.0,1.0,0.0,0.0,1.0,0.0,0.0,0.0,0.0,0.0,0.0,0.0,0.0,0.0,0.0,0.0,0.0,0.0,0.0,0.0,0.0,1.0,0.0,0.0,0.0,0.0,0.0,1.0,0.0,1.0,0.0,1.0,0.0,1.0,0.0,0.0
617,a,2.302570790891961,3.2873802524894065,u,g,i,bb,2.2506031626144756,t,t,2.4874776445791125,f,g,-1.1402327633012193,0.97545905967122,0,1,0,6,0,1,1,0,0,1.0,0.0,0.0,1.0,0.0,1.0,0.0,0.0,0.0,0.0,0.0,0.0,0.0,0.0,1.0,0.0,0.0,0.0,0.0,0.0,0.0,0.0,1.0,0.0,0.0,0.0,0.0,0.0,0.0,0.0,0.0,0.0,1.0,0.0,1.0,1.0,0.0,1.0,0.0,0.0
618,b,-0.6568492135443386,-0.8755886751869577,y,p,w,v,0.10636144702471577,t,t,0.8572853754723128,t,g,0.21733414654679012,-0.12871473441603593,1,2,2,12,7,1,1,1,0,0.0,1.0,0.0,0.0,1.0,0.0,0.0,1.0,0.0,0.0,0.0,0.0,0.0,0.0,0.0,0.0,0.0,0.0,0.0,0.0,1.0,0.0,0.0,0.0,0.0,0.0,0.0,0.0,0.0,1.0,0.0,0.0,1.0,0.0,1.0,0.0,1.0,1.0,0.0,0.0
619,b,-0.26696006829856866,-0.8928161512751998,u,g,d,v,-0.40244167192878655,t,f,-0.5400222837620868,t,s,4.916604219097592,-0.1890245575780504,1,1,0,3,7,1,0,1,2,0.0,1.0,0.0,1.0,0.0,1.0,0.0,0.0,0.0,0.0,0.0,1.0,0.0,0.0,0.0,0.0,0.0,0.0,0.0,0.0,0.0,0.0,0.0,0.0,0.0,0.0,0.0,0.0,0.0,1.0,0.0,0.0,1.0,1.0,0.0,0.0,1.0,0.0,0.0,1.0
620,a,-0.3094316527479989,-0.6648054383425849,u,g,m,v,-0.07535395260153505,t,f,-0.5400222837620868,f,s,1.2616163848914128,-0.1890245575780504,0,1,0,9,7,1,0,0,2,1.0,0.0,0.0,1.0,0.0,1.0,0.0,0.0,0.0,0.0,0.0,0.0,0.0,0.0,0.0,0.0,0.0,1.0,0.0,0.0,0.0,0.0,0.0,0.0,0.0,0.0,0.0,0.0,0.0,1.0,0.0,0.0,1.0,1.0,0.0,1.0,0.0,0.0,0.0,1.0
621,b,0.3064063217687396,0.04456122411443925,u,g,x,h,1.5237415641094723,t,t,0.8572853754723128,t,g,-1.1402327633012193,-0.015221032615472701,1,1,0,13,3,1,1,1,0,0.0,1.0,0.0,1.0,0.0,1.0,0.0,0.0,0.0,0.0,0.0,0.0,0.0,0.0,0.0,0.0,0.0,0.0,0.0,0.0,0.0,1.0,0.0,0.0,0.0,1.0,0.0,0.0,0.0,0.0,0.0,0.0,1.0,0.0,1.0,0.0,1.0,1.0,0.0,0.0
622,b,0.3064063217687396,-0.4621292490691494,u,g,w,v,-0.6568432314055377,t,f,-0.5400222837620868,t,g,0.4196638302260608,-0.15426385258553485,1,1,0,12,7,1,0,1,0,0.0,1.0,0.0,1.0,0.0,1.0,0.0,0.0,0.0,0.0,0.0,0.0,0.0,0.0,0.0,0.0,0.0,0.0,0.0,0.0,1.0,0.0,0.0,0.0,0.0,0.0,0.0,0.0,0.0,1.0,0.0,0.0,1.0,1.0,0.0,0.0,1.0,1.0,0.0,0.0
623,b,0.5187642440158908,-0.5553602961349297,u,g,w,v,-0.6452134458294576,t,f,-0.5400222837620868,t,g,1.4704728325603373,0.8190358872049002,1,1,0,12,7,1,0,1,0,0.0,1.0,0.0,1.0,0.0,1.0,0.0,0.0,0.0,0.0,0.0,0.0,0.0,0.0,0.0,0.0,0.0,0.0,0.0,0.0,1.0,0.0,0.0,0.0,0.0,0.0,0.0,0.0,0.0,1.0,0.0,0.0,1.0,1.0,0.0,0.0,1.0,1.0,0.0,0.0
624,a,0.5467954897525146,0.14589931875115697,u,g,q,v,-0.6205001514802875,t,f,-0.5400222837620868,t,g,0.34786942633986795,-0.1890245575780504,0,1,0,10,7,1,0,1,0,1.0,0.0,0.0,1.0,0.0,1.0,0.0,0.0,0.0,0.0,0.0,0.0,0.0,0.0,0.0,0.0,0.0,0.0,1.0,0.0,0.0,0.0,0.0,0.0,0.0,0.0,0.0,0.0,0.0,1.0,0.0,0.0,1.0,1.0,0.0,0.0,1.0,1.0,0.0,0.0
625,a,0.037136476359351724,-0.36079115443243165,y,p,j,j,-0.6568432314055377,f,f,-0.5400222837620868,f,g,-0.09595052495659669,-0.18554848707879884,0,2,2,7,4,0,0,0,0,1.0,0.0,0.0,0.0,1.0,0.0,0.0,1.0,0.0,0.0,0.0,0.0,0.0,0.0,0.0,1.0,0.0,0.0,0.0,0.0,0.0,0.0,0.0,0.0,0.0,0.0,1.0,0.0,0.0,0.0,0.0,1.0,0.0,1.0,0.0,1.0,0.0,1.0,0.0,0.0
626,a,-0.5931418368701932,-0.4621292490691494,y,p,i,bb,0.6515076459034682,f,f,-0.5400222837620868,f,g,0.165120034629559,-0.10977015019511496,0,2,2,6,0,0,0,0,0,1.0,0.0,0.0,0.0,1.0,0.0,0.0,1.0,0.0,0.0,0.0,0.0,0.0,0.0,1.0,0.0,0.0,0.0,0.0,0.0,0.0,0.0,1.0,0.0,0.0,0.0,0.0,0.0,0.0,0.0,0.0,1.0,0.0,1.0,0.0,1.0,0.0,1.0,0.0,0.0
627,b,3.576718324374868,2.6286826373507415,u,g,ff,ff,-0.6568432314055377,t,f,-0.5400222837620868,t,g,-1.1402327633012193,-0.1890245575780504,1,1,0,5,2,1,0,1,0,0.0,1.0,0.0,1.0,0.0,1.0,0.0,0.0,0.0,0.0,0.0,0.0,0.0,1.0,0.0,0.0,0.0,0.0,0.0,0.0,0.0,0.0,0.0,0.0,1.0,0.0,0.0,0.0,0.0,0.0,0.0,0.0,1.0,1.0,0.0,0.0,1.0,1.0,0.0,0.0
628,b,-0.4580821983210047,-0.791478056638482,u,g,k,v,-0.5478139916297872,f,t,-0.07425306401728696,t,g,-0.004575829101442195,-0.18850314700316265,1,1,0,8,7,0,1,1,0,0.0,1.0,0.0,1.0,0.0,1.0,0.0,0.0,0.0,0.0,0.0,0.0,0.0,0.0,0.0,0.0,1.0,0.0,0.0,0.0,0.0,0.0,0.0,0.0,0.0,0.0,0.0,0.0,0.0,1.0,0.0,1.0,0.0,0.0,1.0,0.0,1.0,1.0,0.0,0.0
629,b,0.1288750987701209,-0.4621292490691494,u,g,cc,h,0.14270452694996594,t,t,0.8572853754723128,f,g,-0.09595052495659669,0.17109634614441058,1,1,0,2,3,1,1,0,0,0.0,1.0,0.0,1.0,0.0,1.0,0.0,0.0,0.0,0.0,1.0,0.0,0.0,0.0,0.0,0.0,0.0,0.0,0.0,0.0,0.0,0.0,0.0,0.0,0.0,1.0,0.0,0.0,0.0,0.0,0.0,0.0,1.0,0.0,1.0,1.0,0.0,1.0,0.0,0.0
630,a,0.07281260729687326,-0.6729124859135223,u,g,w,v,-0.34138529765436626,t,t,3.186131474196312,f,g,-0.35702108454275233,0.17231297081914862,0,1,0,12,7,1,1,0,0,1.0,0.0,0.0,1.0,0.0,1.0,0.0,0.0,0.0,0.0,0.0,0.0,0.0,0.0,0.0,0.0,0.0,0.0,0.0,0.0,1.0,0.0,0.0,0.0,0.0,0.0,0.0,0.0,0.0,1.0,0.0,0.0,1.0,0.0,1.0,1.0,0.0,1.0,0.0,0.0
631,a,-0.7341474972423013,-0.8168125802976615,u,g,c,v,-0.07535395260153505,f,t,-0.07425306401728696,t,g,0.165120034629559,-0.12054596874279479,0,1,0,1,7,0,1,1,0,1.0,0.0,0.0,1.0,0.0,1.0,0.0,0.0,0.0,1.0,0.0,0.0,0.0,0.0,0.0,0.0,0.0,0.0,0.0,0.0,0.0,0.0,0.0,0.0,0.0,0.0,0.0,0.0,0.0,1.0,0.0,1.0,0.0,0.0,1.0,0.0,1.0,1.0,0.0,0.0
632,b,0.030341022847443028,-0.8005984851557866,u,g,x,v,-0.26869913780386595,t,t,1.3230545952171127,t,g,0.8373767255639099,0.38278903954883015,1,1,0,13,7,1,1,1,0,0.0,1.0,0.0,1.0,0.0,1.0,0.0,0.0,0.0,0.0,0.0,0.0,0.0,0.0,0.0,0.0,0.0,0.0,0.0,0.0,0.0,1.0,0.0,0.0,0.0,0.0,0.0,0.0,0.0,1.0,0.0,0.0,1.0,0.0,1.0,0.0,1.0,1.0,0.0,0.0
633,a,0.16455122970764244,-0.36079115443243165,y,p,aa,v,-0.07535395260153505,f,f,-0.5400222837620868,f,g,0.03458475483648116,-0.1890245575780504,0,2,2,0,7,0,0,0,0,1.0,0.0,0.0,0.0,1.0,0.0,0.0,1.0,1.0,0.0,0.0,0.0,0.0,0.0,0.0,0.0,0.0,0.0,0.0,0.0,0.0,0.0,0.0,0.0,0.0,0.0,0.0,0.0,0.0,1.0,0.0,1.0,0.0,1.0,0.0,1.0,0.0,1.0,0.0,0.0
634,b,-0.8403264583658769,-0.8168125802976615,y,p,r,n,-0.4387847518540367,f,f,-0.5400222837620868,t,g,-0.27869991666690563,-0.18867695052812522,1,2,2,11,5,0,0,1,0,0.0,1.0,0.0,0.0,1.0,0.0,0.0,1.0,0.0,0.0,0.0,0.0,0.0,0.0,0.0,0.0,0.0,0.0,0.0,1.0,0.0,0.0,0.0,0.0,0.0,0.0,0.0,1.0,0.0,0.0,0.0,1.0,0.0,1.0,0.0,0.0,1.0,1.0,0.0,0.0
635,a,-0.48696287574661756,-0.968819722252738,u,g,c,v,-0.6568432314055377,f,f,-0.5400222837620868,f,p,-0.1481646368738278,-0.1890245575780504,0,1,0,1,7,0,0,0,1,1.0,0.0,0.0,1.0,0.0,1.0,0.0,0.0,0.0,1.0,0.0,0.0,0.0,0.0,0.0,0.0,0.0,0.0,0.0,0.0,0.0,0.0,0.0,0.0,0.0,0.0,0.0,0.0,0.0,1.0,0.0,1.0,0.0,1.0,0.0,1.0,0.0,0.0,1.0,0.0
636,b,3.859579076808073,3.5488325366521383,u,g,e,z,3.050150920969979,t,t,-0.3071376738896869,t,g,-1.1402327633012193,-0.17007997335712943,1,1,0,4,8,1,1,1,0,0.0,1.0,0.0,1.0,0.0,1.0,0.0,0.0,0.0,0.0,0.0,0.0,1.0,0.0,0.0,0.0,0.0,0.0,0.0,0.0,0.0,0.0,0.0,0.0,0.0,0.0,0.0,0.0,0.0,0.0,1.0,0.0,1.0,0.0,1.0,0.0,1.0,1.0,0.0,0.0
637,b,1.0071874651843387,-0.5127982963875083,u,g,i,bb,-0.4387847518540367,t,f,-0.5400222837620868,f,g,2.51475507090496,-0.1890245575780504,1,1,0,6,0,1,0,0,0,0.0,1.0,0.0,1.0,0.0,1.0,0.0,0.0,0.0,0.0,0.0,0.0,0.0,0.0,1.0,0.0,0.0,0.0,0.0,0.0,0.0,0.0,1.0,0.0,0.0,0.0,0.0,0.0,0.0,0.0,0.0,0.0,1.0,1.0,0.0,1.0,0.0,1.0,0.0,0.0
638,a,-0.3170765379488966,-0.36079115443243165,u,g,m,v,0.15433431252604599,f,t,-0.3071376738896869,t,g,0.6872611538018704,-0.1872865223284246,0,1,0,9,7,0,1,1,0,1.0,0.0,0.0,1.0,0.0,1.0,0.0,0.0,0.0,0.0,0.0,0.0,0.0,0.0,0.0,0.0,0.0,1.0,0.0,0.0,0.0,0.0,0.0,0.0,0.0,0.0,0.0,0.0,0.0,1.0,0.0,1.0,0.0,0.0,1.0,0.0,1.0,1.0,0.0,0.0
639,a,-1.2939229802857921,-0.9009231988461371,u,g,ff,ff,-0.6568432314055377,f,t,-0.3071376738896869,f,g,-0.09595052495659669,-0.1671253134327656,0,1,0,5,2,0,1,0,0,1.0,0.0,0.0,1.0,0.0,1.0,0.0,0.0,0.0,0.0,0.0,0.0,0.0,1.0,0.0,0.0,0.0,0.0,0.0,0.0,0.0,0.0,0.0,0.0,1.0,0.0,0.0,0.0,0.0,0.0,0.0,1.0,0.0,0.0,1.0,1.0,0.0,1.0,0.0,0.0
640,a,-0.33831233017361173,-0.631363867112468,u,g,ff,ff,-0.6568432314055377,f,f,-0.5400222837620868,f,g,1.078866993181104,-0.18885075405308782,0,1,0,5,2,0,0,0,0,1.0,0.0,0.0,1.0,0.0,1.0,0.0,0.0,0.0,0.0,0.0,0.0,0.0,1.0,0.0,0.0,0.0,0.0,0.0,0.0,0.0,0.0,0.0,0.0,1.0,0.0,0.0,0.0,0.0,0.0,0.0,1.0,0.0,1.0,0.0,1.0,0.0,1.0,0.0,0.0
641,b,0.030341022847443028,2.307440877352346,u,g,d,v,0.21539068680046627,t,t,1.5559392050895127,f,g,0.4914582341122536,-0.062147984355368675,1,1,0,3,7,1,1,0,0,0.0,1.0,0.0,1.0,0.0,1.0,0.0,0.0,0.0,0.0,0.0,1.0,0.0,0.0,0.0,0.0,0.0,0.0,0.0,0.0,0.0,0.0,0.0,0.0,0.0,0.0,0.0,0.0,0.0,1.0,0.0,0.0,1.0,0.0,1.0,1.0,0.0,1.0,0.0,0.0
642,a,-0.7485878359551077,0.7539278865714634,u,g,q,v,-0.14804011245203538,t,t,1.7888238149619125,f,g,-0.618091644128908,-0.01695906786509848,0,1,0,10,7,1,1,0,0,1.0,0.0,0.0,1.0,0.0,1.0,0.0,0.0,0.0,0.0,0.0,0.0,0.0,0.0,0.0,0.0,0.0,0.0,1.0,0.0,0.0,0.0,0.0,0.0,0.0,0.0,0.0,0.0,0.0,1.0,0.0,0.0,1.0,0.0,1.0,1.0,0.0,1.0,0.0,0.0
643,b,-0.5854969516692955,-0.5634673437058672,u,g,e,dd,-0.6088703659042075,f,t,-0.07425306401728696,f,g,0.948331713388026,0.0369200248733006,1,1,0,4,1,0,1,0,0,0.0,1.0,0.0,1.0,0.0,1.0,0.0,0.0,0.0,0.0,0.0,0.0,1.0,0.0,0.0,0.0,0.0,0.0,0.0,0.0,0.0,0.0,0.0,1.0,0.0,0.0,0.0,0.0,0.0,0.0,0.0,1.0,0.0,0.0,1.0,1.0,0.0,1.0,0.0,0.0
644,b,0.731122166263042,-0.8593745800450829,y,p,aa,v,-0.5114709117045371,t,t,0.15863154585511297,f,g,0.165120034629559,-0.015221032615472701,1,2,2,0,7,1,1,0,0,0.0,1.0,0.0,0.0,1.0,0.0,0.0,1.0,1.0,0.0,0.0,0.0,0.0,0.0,0.0,0.0,0.0,0.0,0.0,0.0,0.0,0.0,0.0,0.0,0.0,0.0,0.0,0.0,0.0,1.0,0.0,0.0,1.0,0.0,1.0,1.0,0.0,1.0,0.0,0.0
645,b,-0.9184741737528287,1.0579421704816165,y,p,c,v,0.0700183670994656,t,f,-0.5400222837620868,f,s,-0.8791622037150637,-0.1890245575780504,1,2,2,1,7,1,0,0,2,0.0,1.0,0.0,0.0,1.0,0.0,0.0,1.0,0.0,1.0,0.0,0.0,0.0,0.0,0.0,0.0,0.0,0.0,0.0,0.0,0.0,0.0,0.0,0.0,0.0,0.0,0.0,0.0,0.0,1.0,0.0,0.0,1.0,1.0,0.0,1.0,0.0,0.0,0.0,1.0
646,b,-0.26696006829856866,-0.8502541515277783,u,g,aa,v,-0.6452134458294576,f,f,-0.5400222837620868,f,g,0.5567258740087925,-0.014525818515622391,1,1,0,0,7,0,0,0,0,0.0,1.0,0.0,1.0,0.0,1.0,0.0,0.0,1.0,0.0,0.0,0.0,0.0,0.0,0.0,0.0,0.0,0.0,0.0,0.0,0.0,0.0,0.0,0.0,0.0,0.0,0.0,0.0,0.0,1.0,0.0,1.0,0.0,1.0,0.0,1.0,0.0,1.0,0.0,0.0
647,b,0.681005696612714,0.2219028897286953,u,g,cc,h,2.2506031626144756,t,t,2.720362254451512,t,g,1.4639460685706835,-0.1890245575780504,1,1,0,2,3,1,1,1,0,0.0,1.0,0.0,1.0,0.0,1.0,0.0,0.0,0.0,0.0,1.0,0.0,0.0,0.0,0.0,0.0,0.0,0.0,0.0,0.0,0.0,0.0,0.0,0.0,0.0,1.0,0.0,0.0,0.0,0.0,0.0,0.0,1.0,0.0,1.0,0.0,1.0,1.0,0.0,0.0
648,b,-0.2814004070113751,-0.36079115443243165,u,g,w,v,-0.4387847518540367,f,f,-0.5400222837620868,t,g,0.8177964335949481,-0.1773797214055577,1,1,0,12,7,0,0,1,0,0.0,1.0,0.0,1.0,0.0,1.0,0.0,0.0,0.0,0.0,0.0,0.0,0.0,0.0,0.0,0.0,0.0,0.0,0.0,0.0,1.0,0.0,0.0,0.0,0.0,0.0,0.0,0.0,0.0,1.0,0.0,1.0,0.0,1.0,0.0,0.0,1.0,1.0,0.0,0.0
649,b,0.07960806080878197,-0.9353781510226212,y,p,c,h,0.2880768466509666,t,t,-0.3071376738896869,t,g,1.6793292802292619,1.2014036421225711,1,2,2,1,3,1,1,1,0,0.0,1.0,0.0,0.0,1.0,0.0,0.0,1.0,0.0,1.0,0.0,0.0,0.0,0.0,0.0,0.0,0.0,0.0,0.0,0.0,0.0,0.0,0.0,0.0,0.0,1.0,0.0,0.0,0.0,0.0,0.0,0.0,1.0,0.0,1.0,0.0,1.0,1.0,0.0,0.0
650,b,-0.15398565366308437,-0.5634673437058672,y,p,e,h,-0.07535395260153505,f,f,-0.5400222837620868,f,g,0.530618818050177,-0.18606989765368656,1,2,2,4,3,0,0,0,0,0.0,1.0,0.0,0.0,1.0,0.0,0.0,1.0,0.0,0.0,0.0,0.0,1.0,0.0,0.0,0.0,0.0,0.0,0.0,0.0,0.0,0.0,0.0,0.0,0.0,1.0,0.0,0.0,0.0,0.0,0.0,1.0,0.0,1.0,0.0,1.0,0.0,1.0,0.0,0.0
651,b,-0.8547667970786833,-0.6648054383425849,u,g,w,v,-0.22072627230253572,f,f,-0.5400222837620868,f,g,-0.1612181648531356,-0.18763412937834978,1,1,0,12,7,0,0,0,0,0.0,1.0,0.0,1.0,0.0,1.0,0.0,0.0,0.0,0.0,0.0,0.0,0.0,0.0,0.0,0.0,0.0,0.0,0.0,0.0,1.0,0.0,0.0,0.0,0.0,0.0,0.0,0.0,0.0,1.0,0.0,1.0,0.0,1.0,0.0,1.0,0.0,1.0,0.0,0.0
652,b,-0.5719060446454781,1.5646326436652052,u,g,w,v,-0.40244167192878655,t,f,-0.5400222837620868,t,g,0.5567258740087925,-0.1890245575780504,1,1,0,12,7,1,0,1,0,0.0,1.0,0.0,1.0,0.0,1.0,0.0,0.0,0.0,0.0,0.0,0.0,0.0,0.0,0.0,0.0,0.0,0.0,0.0,0.0,1.0,0.0,0.0,0.0,0.0,0.0,0.0,0.0,0.0,1.0,0.0,0.0,1.0,1.0,0.0,0.0,1.0,1.0,0.0,0.0
653,a,2.1887469445674874,2.9833659685792533,u,g,c,v,0.9422522853054696,t,t,1.0901699853447127,f,g,-1.1402327633012193,0.33238601730968265,0,1,0,1,7,1,1,0,0,1.0,0.0,0.0,1.0,0.0,1.0,0.0,0.0,0.0,1.0,0.0,0.0,0.0,0.0,0.0,0.0,0.0,0.0,0.0,0.0,0.0,0.0,0.0,0.0,0.0,0.0,0.0,0.0,0.0,1.0,0.0,0.0,1.0,0.0,1.0,1.0,0.0,1.0,0.0,0.0
654,a,-0.11151406921365412,0.10333731900373554,u,g,e,dd,-0.0026677927510347227,t,t,0.6244007655999128,t,g,-0.49408312832548407,-0.10212279509676155,0,1,0,4,1,1,1,1,0,1.0,0.0,0.0,1.0,0.0,1.0,0.0,0.0,0.0,0.0,0.0,0.0,1.0,0.0,0.0,0.0,0.0,0.0,0.0,0.0,0.0,0.0,0.0,1.0,0.0,0.0,0.0,0.0,0.0,0.0,0.0,0.0,1.0,0.0,1.0,0.0,1.0,1.0,0.0,0.0
655,b,0.2282586063817878,0.06178870020268126,y,p,i,bb,-0.34138529765436626,f,f,-0.5400222837620868,t,g,1.9926139517326487,-0.1890245575780504,1,2,2,6,0,0,0,1,0,0.0,1.0,0.0,0.0,1.0,0.0,0.0,1.0,0.0,0.0,0.0,0.0,0.0,0.0,1.0,0.0,0.0,0.0,0.0,0.0,0.0,0.0,1.0,0.0,0.0,0.0,0.0,0.0,0.0,0.0,0.0,1.0,0.0,1.0,0.0,0.0,1.0,1.0,0.0,0.0
656,b,0.9995425799834409,-0.8928161512751998,y,p,c,v,-0.5478139916297872,t,t,1.3230545952171127,t,g,0.8177964335949481,-0.1608683865341128,1,2,2,1,7,1,1,1,0,0.0,1.0,0.0,0.0,1.0,0.0,0.0,1.0,0.0,1.0,0.0,0.0,0.0,0.0,0.0,0.0,0.0,0.0,0.0,0.0,0.0,0.0,0.0,0.0,0.0,0.0,0.0,0.0,0.0,1.0,0.0,0.0,1.0,0.0,1.0,0.0,1.0,1.0,0.0,0.0
657,b,0.5255596975277995,-0.7995851042094194,u,g,e,v,-0.6452134458294576,f,f,-0.5400222837620868,f,g,-0.35702108454275233,-0.1881555399532375,1,1,0,4,7,0,0,0,0,0.0,1.0,0.0,1.0,0.0,1.0,0.0,0.0,0.0,0.0,0.0,0.0,1.0,0.0,0.0,0.0,0.0,0.0,0.0,0.0,0.0,0.0,0.0,0.0,0.0,0.0,0.0,0.0,0.0,1.0,0.0,1.0,0.0,1.0,0.0,1.0,0.0,1.0,0.0,0.0
658,a,-0.5362299137079565,-0.791478056638482,u,g,x,h,-0.3544688064274563,t,f,-0.5400222837620868,t,g,-0.09595052495659669,0.8294640987026548,0,1,0,13,3,1,0,1,0,1.0,0.0,0.0,1.0,0.0,1.0,0.0,0.0,0.0,0.0,0.0,0.0,0.0,0.0,0.0,0.0,0.0,0.0,0.0,0.0,0.0,1.0,0.0,0.0,0.0,1.0,0.0,0.0,0.0,0.0,0.0,0.0,1.0,1.0,0.0,0.0,1.0,1.0,0.0,0.0
659,b,1.4030226322530281,-0.12467339392887934,u,g,x,bb,-0.6321299370563676,f,f,-0.5400222837620868,t,g,2.2536845113188044,-0.1890245575780504,1,1,0,13,0,0,0,1,0,0.0,1.0,0.0,1.0,0.0,1.0,0.0,0.0,0.0,0.0,0.0,0.0,0.0,0.0,0.0,0.0,0.0,0.0,0.0,0.0,0.0,1.0,1.0,0.0,0.0,0.0,0.0,0.0,0.0,0.0,0.0,1.0,0.0,1.0,0.0,0.0,1.0,1.0,0.0,0.0
660,b,0.24269894509459422,0.8897209333846651,u,g,c,v,0.6515076459034682,t,t,2.2545930347067125,t,g,-1.1402327633012193,-0.15061397856132072,1,1,0,1,7,1,1,1,0,0.0,1.0,0.0,1.0,0.0,1.0,0.0,0.0,0.0,1.0,0.0,0.0,0.0,0.0,0.0,0.0,0.0,0.0,0.0,0.0,0.0,0.0,0.0,0.0,0.0,0.0,0.0,0.0,0.0,1.0,0.0,0.0,1.0,0.0,1.0,0.0,1.0,1.0,0.0,0.0
661,b,0.5255596975277995,-0.614136391024226,y,p,c,bb,-0.5841570715550374,t,f,-0.5400222837620868,t,g,-0.0698434689979811,-0.11950314759301932,1,2,2,1,0,1,0,1,0,0.0,1.0,0.0,0.0,1.0,0.0,0.0,1.0,0.0,1.0,0.0,0.0,0.0,0.0,0.0,0.0,0.0,0.0,0.0,0.0,0.0,0.0,1.0,0.0,0.0,0.0,0.0,0.0,0.0,0.0,0.0,0.0,1.0,1.0,0.0,0.0,1.0,1.0,0.0,0.0
662,b,-0.6143776290949083,0.8552659812081811,u,g,aa,v,-0.5841570715550374,f,f,-0.5400222837620868,t,g,-1.1402327633012193,-0.1890245575780504,1,1,0,0,7,0,0,1,0,0.0,1.0,0.0,1.0,0.0,1.0,0.0,0.0,1.0,0.0,0.0,0.0,0.0,0.0,0.0,0.0,0.0,0.0,0.0,0.0,0.0,0.0,0.0,0.0,0.0,0.0,0.0,0.0,0.0,1.0,0.0,1.0,0.0,1.0,0.0,0.0,1.0,1.0,0.0,0.0
663,a,2.1887469445674874,-0.9009231988461371,u,g,i,bb,-0.3660985920035364,t,f,-0.5400222837620868,t,g,0.5045117620915613,0.1928217867647328,0,1,0,6,0,1,0,1,0,1.0,0.0,0.0,1.0,0.0,1.0,0.0,0.0,0.0,0.0,0.0,0.0,0.0,0.0,1.0,0.0,0.0,0.0,0.0,0.0,0.0,0.0,1.0,0.0,0.0,0.0,0.0,0.0,0.0,0.0,0.0,0.0,1.0,1.0,0.0,0.0,1.0,1.0,0.0,0.0
664,a,1.7716759852740829,-0.968819722252738,y,p,ff,ff,-0.6568432314055377,f,f,-0.5400222837620868,f,g,-1.1402327633012193,-0.1890245575780504,0,2,2,5,2,0,0,0,0,1.0,0.0,0.0,0.0,1.0,0.0,0.0,1.0,0.0,0.0,0.0,0.0,0.0,1.0,0.0,0.0,0.0,0.0,0.0,0.0,0.0,0.0,0.0,0.0,1.0,0.0,0.0,0.0,0.0,0.0,0.0,1.0,0.0,1.0,0.0,1.0,0.0,1.0,0.0,0.0
665,b,-0.26696006829856866,0.04456122411443925,y,p,aa,v,1.8144862035114735,t,f,-0.5400222837620868,f,g,-1.1402327633012193,-0.1890245575780504,1,2,2,0,7,1,0,0,0,0.0,1.0,0.0,0.0,1.0,0.0,0.0,1.0,1.0,0.0,0.0,0.0,0.0,0.0,0.0,0.0,0.0,0.0,0.0,0.0,0.0,0.0,0.0,0.0,0.0,0.0,0.0,0.0,0.0,1.0,0.0,0.0,1.0,1.0,0.0,1.0,0.0,1.0,0.0,0.0
666,b,1.4667300089271735,0.3485755080245924,u,g,q,h,1.0876246050064702,t,f,-0.5400222837620868,t,g,1.1441346330776427,-0.1890245575780504,1,1,0,10,3,1,0,1,0,0.0,1.0,0.0,1.0,0.0,1.0,0.0,0.0,0.0,0.0,0.0,0.0,0.0,0.0,0.0,0.0,0.0,0.0,1.0,0.0,0.0,0.0,0.0,0.0,0.0,1.0,0.0,0.0,0.0,0.0,0.0,0.0,1.0,1.0,0.0,0.0,1.0,1.0,0.0,0.0
667,b,-0.05460214605141745,-0.4621292490691494,u,g,cc,h,-0.0026677927510347227,f,f,-0.5400222837620868,t,s,1.078866993181104,-0.1890245575780504,1,1,0,2,3,0,0,1,2,0.0,1.0,0.0,1.0,0.0,1.0,0.0,0.0,0.0,0.0,1.0,0.0,0.0,0.0,0.0,0.0,0.0,0.0,0.0,0.0,0.0,0.0,0.0,0.0,0.0,1.0,0.0,0.0,0.0,0.0,0.0,1.0,0.0,1.0,0.0,0.0,1.0,0.0,0.0,1.0
668,b,-0.9609457582022589,-0.7154744856609437,y,p,k,v,-0.6205001514802875,f,f,-0.5400222837620868,f,g,-0.2264858047496745,-0.18832934347820007,1,2,2,8,7,0,0,0,0,0.0,1.0,0.0,0.0,1.0,0.0,0.0,1.0,0.0,0.0,0.0,0.0,0.0,0.0,0.0,0.0,1.0,0.0,0.0,0.0,0.0,0.0,0.0,0.0,0.0,0.0,0.0,0.0,0.0,1.0,0.0,1.0,0.0,1.0,0.0,1.0,0.0,1.0,0.0,0.0
669,a,-0.9040338350400222,-0.36079115443243165,u,g,q,v,-0.6088703659042075,t,t,0.15863154585511297,f,g,-0.48755636433583016,-0.18798173642827493,0,1,0,10,7,1,1,0,0,1.0,0.0,0.0,1.0,0.0,1.0,0.0,0.0,0.0,0.0,0.0,0.0,0.0,0.0,0.0,0.0,0.0,0.0,1.0,0.0,0.0,0.0,0.0,0.0,0.0,0.0,0.0,0.0,0.0,1.0,0.0,0.0,1.0,0.0,1.0,1.0,0.0,1.0,0.0,0.0
670,b,0.06516772209597553,-0.1581149651589962,y,p,cc,v,-0.22072627230253572,f,f,-0.5400222837620868,t,g,-0.35702108454275233,-0.1890245575780504,1,2,2,2,7,0,0,1,0,0.0,1.0,0.0,0.0,1.0,0.0,0.0,1.0,0.0,0.0,1.0,0.0,0.0,0.0,0.0,0.0,0.0,0.0,0.0,0.0,0.0,0.0,0.0,0.0,0.0,0.0,0.0,0.0,0.0,1.0,0.0,1.0,0.0,1.0,0.0,0.0,1.0,1.0,0.0,0.0
671,b,0.5892670742019448,1.083276694140796,y,p,k,v,-0.6205001514802875,f,f,-0.5400222837620868,f,g,-0.09595052495659669,-0.1890245575780504,1,2,2,8,7,0,0,0,0,0.0,1.0,0.0,0.0,1.0,0.0,0.0,1.0,0.0,0.0,0.0,0.0,0.0,0.0,0.0,0.0,1.0,0.0,0.0,0.0,0.0,0.0,0.0,0.0,0.0,0.0,0.0,0.0,0.0,1.0,0.0,1.0,0.0,1.0,0.0,1.0,0.0,1.0,0.0,0.0
672,a,-1.3151587725105072,-0.8502541515277783,u,g,c,h,-0.22072627230253572,t,t,-0.07425306401728696,f,g,-0.48755636433583016,-0.1890245575780504,0,1,0,1,3,1,1,0,0,1.0,0.0,0.0,1.0,0.0,1.0,0.0,0.0,0.0,1.0,0.0,0.0,0.0,0.0,0.0,0.0,0.0,0.0,0.0,0.0,0.0,0.0,0.0,0.0,0.0,1.0,0.0,0.0,0.0,0.0,0.0,0.0,1.0,0.0,1.0,1.0,0.0,1.0,0.0,0.0
673,a,1.2543720866800223,-0.36079115443243165,u,g,c,v,0.03367528717421544,t,t,1.3230545952171127,t,g,1.4443657766017217,0.5338243027413102,0,1,0,1,7,1,1,1,0,1.0,0.0,0.0,1.0,0.0,1.0,0.0,0.0,0.0,1.0,0.0,0.0,0.0,0.0,0.0,0.0,0.0,0.0,0.0,0.0,0.0,0.0,0.0,0.0,0.0,0.0,0.0,0.0,0.0,1.0,0.0,0.0,1.0,0.0,1.0,0.0,1.0,1.0,0.0,0.0
674,b,-0.5149941214832414,-0.7661435329793026,u,g,aa,v,-0.5114709117045371,f,f,-0.5400222837620868,f,g,0.165120034629559,-0.1890245575780504,1,1,0,0,7,0,0,0,0,0.0,1.0,0.0,1.0,0.0,1.0,0.0,0.0,1.0,0.0,0.0,0.0,0.0,0.0,0.0,0.0,0.0,0.0,0.0,0.0,0.0,0.0,0.0,0.0,0.0,0.0,0.0,0.0,0.0,1.0,0.0,1.0,0.0,1.0,0.0,1.0,0.0,1.0,0.0,0.0
675,b,-0.5081986679713327,-0.8512675324741454,u,g,c,v,-0.5725272859789573,t,t,1.0901699853447127,t,g,-0.5136634202944458,0.7015447043301977,1,1,0,1,7,1,1,1,0,0.0,1.0,0.0,1.0,0.0,1.0,0.0,0.0,0.0,1.0,0.0,0.0,0.0,0.0,0.0,0.0,0.0,0.0,0.0,0.0,0.0,0.0,0.0,0.0,0.0,0.0,0.0,0.0,0.0,1.0,0.0,0.0,1.0,0.0,1.0,0.0,1.0,1.0,0.0,0.0
676,a,0.6317386586513751,-0.6648054383425849,u,g,ff,ff,-0.6568432314055377,f,f,-0.5400222837620868,f,g,-0.6441987000875236,-0.1890245575780504,0,1,0,5,2,0,0,0,0,1.0,0.0,0.0,1.0,0.0,1.0,0.0,0.0,0.0,0.0,0.0,0.0,0.0,1.0,0.0,0.0,0.0,0.0,0.0,0.0,0.0,0.0,0.0,0.0,1.0,0.0,0.0,0.0,0.0,0.0,0.0,1.0,0.0,1.0,0.0,1.0,0.0,1.0,0.0,0.0
677,b,-0.7061162515056775,-0.8421471039568409,y,p,aa,v,-0.6205001514802875,t,f,-0.5400222837620868,f,g,0.03458475483648116,-0.18885075405308782,1,2,2,0,7,1,0,0,0,0.0,1.0,0.0,0.0,1.0,0.0,0.0,1.0,1.0,0.0,0.0,0.0,0.0,0.0,0.0,0.0,0.0,0.0,0.0,0.0,0.0,0.0,0.0,0.0,0.0,0.0,0.0,0.0,0.0,1.0,0.0,0.0,1.0,1.0,0.0,1.0,0.0,1.0,0.0,0.0
678,b,0.9783067877587257,-0.7154744856609437,u,g,m,v,3.3772386402972305,f,t,-0.3071376738896869,t,g,1.1571881610569505,-0.16955856278224168,1,1,0,9,7,0,1,1,0,0.0,1.0,0.0,1.0,0.0,1.0,0.0,0.0,0.0,0.0,0.0,0.0,0.0,0.0,0.0,0.0,0.0,1.0,0.0,0.0,0.0,0.0,0.0,0.0,0.0,0.0,0.0,0.0,0.0,1.0,0.0,1.0,0.0,0.0,1.0,0.0,1.0,1.0,0.0,0.0
679,b,-0.7341474972423013,-0.8168125802976615,u,g,i,v,-0.1960129779533656,f,t,-0.3071376738896869,t,g,1.4704728325603373,-0.18746032585338718,1,1,0,6,7,0,1,1,0,0.0,1.0,0.0,1.0,0.0,1.0,0.0,0.0,0.0,0.0,0.0,0.0,0.0,0.0,1.0,0.0,0.0,0.0,0.0,0.0,0.0,0.0,0.0,0.0,0.0,0.0,0.0,0.0,0.0,1.0,0.0,1.0,0.0,0.0,1.0,0.0,1.0,1.0,0.0,0.0
680,b,1.5448777243141252,0.5684791733862699,u,g,i,bb,1.5484548584586424,t,t,2.953246864323912,t,g,-1.1402327633012193,0.679993067234838,1,1,0,6,0,1,1,1,0,0.0,1.0,0.0,1.0,0.0,1.0,0.0,0.0,0.0,0.0,0.0,0.0,0.0,0.0,1.0,0.0,0.0,0.0,0.0,0.0,0.0,0.0,1.0,0.0,0.0,0.0,0.0,0.0,0.0,0.0,0.0,0.0,1.0,0.0,1.0,0.0,1.0,1.0,0.0,0.0
681,b,-0.9541503046903502,-0.9434851985935586,u,g,q,v,-0.3660985920035364,f,t,-0.3071376738896869,f,g,0.42619059421571465,-0.05554345040679073,1,1,0,10,7,0,1,0,0,0.0,1.0,0.0,1.0,0.0,1.0,0.0,0.0,0.0,0.0,0.0,0.0,0.0,0.0,0.0,0.0,0.0,0.0,1.0,0.0,0.0,0.0,0.0,0.0,0.0,0.0,0.0,0.0,0.0,1.0,0.0,1.0,0.0,0.0,1.0,1.0,0.0,1.0,0.0,0.0
682,b,0.8865681653479566,-0.77425058055024,u,g,x,v,0.0700183670994656,t,f,-0.5400222837620868,f,g,2.1884168714222656,-0.08474244260050377,1,1,0,13,7,1,0,0,0,0.0,1.0,0.0,1.0,0.0,1.0,0.0,0.0,0.0,0.0,0.0,0.0,0.0,0.0,0.0,0.0,0.0,0.0,0.0,0.0,0.0,1.0,0.0,0.0,0.0,0.0,0.0,0.0,0.0,1.0,0.0,0.0,1.0,1.0,0.0,1.0,0.0,1.0,0.0,0.0
683,b,0.7022414888374291,0.04456122411443925,u,g,ff,ff,-0.6568432314055377,f,t,-0.07425306401728696,f,g,-1.0292777754771032,-0.18885075405308782,1,1,0,5,2,0,1,0,0,0.0,1.0,0.0,1.0,0.0,1.0,0.0,0.0,0.0,0.0,0.0,0.0,0.0,1.0,0.0,0.0,0.0,0.0,0.0,0.0,0.0,0.0,0.0,0.0,1.0,0.0,0.0,0.0,0.0,0.0,0.0,1.0,0.0,0.0,1.0,1.0,0.0,1.0,0.0,0.0
684,b,-0.062247031252315184,-0.41956724932172795,y,p,m,v,-0.6205001514802875,f,f,-0.5400222837620868,t,s,-0.618091644128908,-0.1890245575780504,1,2,2,9,7,0,0,1,2,0.0,1.0,0.0,0.0,1.0,0.0,0.0,1.0,0.0,0.0,0.0,0.0,0.0,0.0,0.0,0.0,0.0,1.0,0.0,0.0,0.0,0.0,0.0,0.0,0.0,0.0,0.0,0.0,0.0,1.0,0.0,1.0,0.0,1.0,0.0,0.0,1.0,0.0,0.0,1.0
685,b,-0.6916759127928711,1.2859528834142315,u,g,x,h,-0.5231006972806171,t,t,-0.3071376738896869,f,g,-0.48755636433583016,-0.1890245575780504,1,1,0,13,3,1,1,0,0,0.0,1.0,0.0,1.0,0.0,1.0,0.0,0.0,0.0,0.0,0.0,0.0,0.0,0.0,0.0,0.0,0.0,0.0,0.0,0.0,0.0,1.0,0.0,0.0,0.0,1.0,0.0,0.0,0.0,0.0,0.0,0.0,1.0,0.0,1.0,1.0,0.0,1.0,0.0,0.0
686,b,-0.42325549907247223,1.6659707383019229,u,g,e,dd,-0.6568432314055377,f,f,-0.5400222837620868,t,g,-0.2264858047496745,0.0038973551304108435,1,1,0,4,1,0,0,1,0,0.0,1.0,0.0,1.0,0.0,1.0,0.0,0.0,0.0,0.0,0.0,0.0,1.0,0.0,0.0,0.0,0.0,0.0,0.0,0.0,0.0,0.0,0.0,1.0,0.0,0.0,0.0,0.0,0.0,0.0,0.0,1.0,0.0,1.0,0.0,0.0,1.0,1.0,0.0,0.0
687,b,-0.8692071357914898,-0.13278044149981677,y,p,i,h,-0.6452134458294576,f,f,-0.5400222837620868,f,g,-0.2264858047496745,-0.17164420508179262,1,2,2,6,3,0,0,0,0,0.0,1.0,0.0,0.0,1.0,0.0,0.0,1.0,0.0,0.0,0.0,0.0,0.0,0.0,1.0,0.0,0.0,0.0,0.0,0.0,0.0,0.0,0.0,0.0,0.0,1.0,0.0,0.0,0.0,0.0,0.0,1.0,0.0,1.0,0.0,1.0,0.0,1.0,0.0,0.0
688,b,0.6742102431008054,0.9566040758448988,u,g,m,v,1.2329969247074708,t,t,2.720362254451512,f,g,0.42619059421571465,0.6116882819245449,1,1,0,9,7,1,1,0,0,0.0,1.0,0.0,1.0,0.0,1.0,0.0,0.0,0.0,0.0,0.0,0.0,0.0,0.0,0.0,0.0,0.0,1.0,0.0,0.0,0.0,0.0,0.0,0.0,0.0,0.0,0.0,0.0,0.0,1.0,0.0,0.0,1.0,0.0,1.0,1.0,0.0,1.0,0.0,0.0
689,b,0.9010085040607629,-0.8836957227578952,u,g,c,h,-0.5957868571311175,t,t,0.8572853754723128,f,g,0.2956553144226368,-0.024258815913526743,1,1,0,1,3,1,1,0,0,0.0,1.0,0.0,1.0,0.0,1.0,0.0,0.0,0.0,1.0,0.0,0.0,0.0,0.0,0.0,0.0,0.0,0.0,0.0,0.0,0.0,0.0,0.0,0.0,0.0,1.0,0.0,0.0,0.0,0.0,0.0,0.0,1.0,0.0,1.0,1.0,0.0,1.0,0.0,0.0
690,a,-0.9184741737528287,1.4298529777983708,u,g,c,h,1.0876246050064702,t,f,-0.5400222837620868,f,g,1.078866993181104,-0.1890245575780504,0,1,0,1,3,1,0,0,0,1.0,0.0,0.0,1.0,0.0,1.0,0.0,0.0,0.0,1.0,0.0,0.0,0.0,0.0,0.0,0.0,0.0,0.0,0.0,0.0,0.0,0.0,0.0,0.0,0.0,1.0,0.0,0.0,0.0,0.0,0.0,0.0,1.0,1.0,0.0,1.0,0.0,1.0,0.0,0.0
